[{"model": "reserva_horas.customuser", "pk": 1, "fields": {"password": "pbkdf2_sha256$600000$leVA2hnvCuefyx7tFimOFf$nk/eyXcPeSijc+has8DNI/dS3NrdhOnSTRrqlNyNiJo=", "last_login": "2024-06-15T04:38:55.209Z", "nombre": "yo", "apellido": "yo otra vez", "correo": "creador@gmail.com", "tipo_usuario": "ADM", "creado": "2024-06-15T00:01:28.890Z", "modificado": "2024-06-15T02:28:13.064Z", "is_staff": true, "is_superuser": true, "is_active": true, "groups": [], "user_permissions": []}}, {"model": "reserva_horas.customuser", "pk": 2, "fields": {"password": "pbkdf2_sha256$600000$0uNPyUatOT4TSSio2bmSBn$SI6Ie1DRe8rrpLsch0zUPwmuJDt0jh6pkw28nNgKpo0=", "last_login": "2024-06-15T04:30:55.306Z", "nombre": "usuario", "apellido": "rebolledo", "correo": "paciente@mail.com", "tipo_usuario": "PCT", "creado": "2024-06-15T02:02:28.704Z", "modificado": "2024-06-15T02:02:28.704Z", "is_staff": false, "is_superuser": false, "is_active": true, "groups": [], "user_permissions": []}}, {"model": "reserva_horas.customuser", "pk": 3, "fields": {"password": "pbkdf2_sha256$600000$6b1jW2OMkSwy6DLfG3e0do$hY6moZT5FXGoQtq020+7O5QRag/1J1wc84IQ68X0+6k=", "last_login": "2024-06-15T04:30:27.565Z", "nombre": "administrador", "apellido": "gonzalez", "correo": "administrador@mail.com", "tipo_usuario": "ADM", "creado": "2024-06-15T02:03:16.587Z", "modificado": "2024-06-15T02:27:43.175Z", "is_staff": false, "is_superuser": false, "is_active": true, "groups": [], "user_permissions": []}}]